feature1,feature2,target
-0.5684503102806142,1.3416407864998738,0
-1.2680814613952156,-1.3416407864998738,1
1.3555353552845406,0.4472135954999579,1
0.4809964163912885,-0.4472135954999579,0
